time,suhu,kelembapan,jarak
2025-11-25 10:00:00.000,29.73883739315327,65.87802922609144,138.61449567621423
2025-11-25 10:00:01.000,29.67665684957121,68.71957265984798,141.2704527442131
2025-11-25 10:00:02.000,29.56974490307942,70.35816879897722,224.24461782954435
2025-11-25 10:00:03.000,35.055392410742506,68.37487485396845,173.49719863897025
2025-11-25 10:00:04.000,31.991125206261774,75.08138454161957,168.73559698258117
2025-11-25 10:00:05.000,26.52206435244848,68.44340215578109,142.04682871250543
2025-11-25 10:00:06.000,32.7449960316763,67.20722313074302,124.58633568749144
2025-11-25 10:00:07.000,30.56793153449241,53.812343161442875,158.22079622967172
2025-11-25 10:00:08.000,30.082246781337897,47.50504768123596,151.2919782995649
2025-11-25 10:00:09.000,30.72481702697749,61.3525312342435,204.39587114880558
2025-11-25 10:00:10.000,29.959651993449594,59.1742933748782,200.04614212189463
2025-11-25 10:00:11.000,30.889990392884346,56.54580921496435,170.68780388943242
2025-11-25 10:00:12.000,33.978496436371735,67.75630273296994,96.45209225704633
2025-11-25 10:00:13.000,28.376201178115437,73.72457795428276,146.17564357004562
2025-11-25 10:00:14.000,31.154101989401674,59.11526309641898,132.0070559831885
2025-11-25 10:00:15.000,26.66981440048787,55.75973332452171,127.23603003748777
2025-11-25 10:00:16.000,29.236586536991712,62.308237762177015,93.03432442811324
2025-11-25 10:00:17.000,30.152133789700503,68.3694078026705,137.64358234943867
2025-11-25 10:00:18.000,33.35241067238102,66.24258510242255,144.95913322285583
2025-11-25 10:00:19.000,31.398412508192408,58.03609716660147,116.33432378897777
2025-11-25 10:00:20.000,30.245183273395593,60.4683087810522,100.19366233727675
2025-11-25 10:00:21.000,30.024389991133617,69.87232758985782,175.89491602506064
2025-11-25 10:00:22.000,27.66107838537721,61.75343571225699,118.33652720212635
2025-11-25 10:00:23.000,30.072927721286923,49.948131907546795,109.13118762949341
2025-11-25 10:00:24.000,28.265640597296347,73.51237763783547,104.72418836584943
2025-11-25 10:00:25.000,31.516518170773207,66.49072142032675,177.49717195011584
2025-11-25 10:00:26.000,29.366088030183317,64.52654907472433,124.30193061895133
2025-11-25 10:00:27.000,29.58093378010248,39.82730750493508,73.76454361026923
2025-11-25 10:00:28.000,28.037053454805413,61.822702628686514,68.28528730662435
2025-11-25 10:00:29.000,28.706182285597084,72.9522328020745,169.65214276946799
2025-11-25 10:00:30.000,31.81096744731945,55.35208372783448,237.96853075765927
2025-11-25 10:00:31.000,31.170871180759786,52.12589851209855,151.71579632915177
2025-11-25 10:00:32.000,34.08687582922673,48.94038152726121,126.44070705226352
2025-11-25 10:00:33.000,27.10171800219289,70.03001904437825,96.0435931452084
2025-11-25 10:00:34.000,28.54539941392246,63.25243357012658,143.18723485608183
2025-11-25 10:00:35.000,29.539357094403382,67.94479883552256,61.19123284929705
2025-11-25 10:00:36.000,31.670594367047475,50.20443040376872,167.08619414460574
2025-11-25 10:00:37.000,28.29884680545574,65.39469871459671,200.7277292924647
2025-11-25 10:00:38.000,29.553645492593798,61.15131049854047,145.86680251138108
2025-11-25 10:00:39.000,29.126378440667228,59.96998880399274,155.8062808680567
2025-11-25 10:00:40.000,31.307242195388703,62.725226185596036,115.52278658105533
2025-11-25 10:00:41.000,31.776412812321553,46.68367980656156,151.62688223770303
2025-11-25 10:00:42.000,28.560186016561023,58.964342833698176,133.89938741782527
2025-11-25 10:00:43.000,29.376964478119415,50.30826664086173,137.00725570152142
2025-11-25 10:00:44.000,28.391217875330973,51.70645457748073,135.03931250845696
2025-11-25 10:00:45.000,31.10511468935962,63.926002049939314,179.59463528488317
2025-11-25 10:00:46.000,31.832246498234653,54.89638740041789,172.36116180377553
2025-11-25 10:00:47.000,31.6533270581815,65.28298274577001,170.08703455991292
2025-11-25 10:00:48.000,32.669587498828825,65.5711161318698,183.85117845696897
2025-11-25 10:00:49.000,30.838190374290033,70.88168429933553,126.36402485227401
2025-11-25 10:00:50.000,32.371571736895376,59.94799748843766,133.0879005714597
2025-11-25 10:00:51.000,29.77535228806117,53.412952039852726,71.42792019850228
2025-11-25 10:00:52.000,32.27718087863873,55.517985552046355,127.26793137715605
2025-11-25 10:00:53.000,28.768221343052694,52.53064399944945,103.22042211539416
2025-11-25 10:00:54.000,28.62037321482233,60.54570922444439,139.79435497784345
2025-11-25 10:00:55.000,29.680032984263335,61.3276515130962,106.37962945959157
2025-11-25 10:00:56.000,29.641601490917566,65.98520580337097,82.14057832438898
2025-11-25 10:00:57.000,29.97534429117802,53.53850618896609,112.74694055049117
2025-11-25 10:00:58.000,26.404163690268962,66.06411654436107,177.0961053837856
2025-11-25 10:00:59.000,31.147749529910975,60.8642154864169,176.16536796744222
2025-11-25 10:01:00.000,27.17664948813203,53.40119142807941,134.52846535699575
2025-11-25 10:01:01.000,32.5700699991795,61.02611581843023,139.6277142261699
2025-11-25 10:01:02.000,35.35525585207908,66.40941398212809,139.49695015914236
2025-11-25 10:01:03.000,30.275466859002524,54.36181232777262,136.34222745843
2025-11-25 10:01:04.000,31.210188781826957,56.59328013969462,218.16280116417516
2025-11-25 10:01:05.000,30.921847702828142,57.49211555927644,122.22344962763972
2025-11-25 10:01:06.000,29.44170699772562,52.97234142761256,123.1981094377683
2025-11-25 10:01:07.000,30.63352835518774,75.49699597247715,153.64162004023396
2025-11-25 10:01:08.000,28.364596342507035,70.02716762296382,186.30674702333638
2025-11-25 10:01:09.000,31.193795315789828,52.33683478978291,132.06493159211308
2025-11-25 10:01:10.000,31.754095412109024,73.73243511032129,173.0143687790517
2025-11-25 10:01:11.000,30.167731390945534,62.74795026671299,154.39247028488612
2025-11-25 10:01:12.000,29.44545883104409,56.925956988592986,145.39741095228973
2025-11-25 10:01:13.000,30.22837370181319,46.433921285077275,205.41093603640383
2025-11-25 10:01:14.000,31.25606285862323,60.18870460034676,116.323086856947
2025-11-25 10:01:15.000,30.318137323823617,60.177000438415355,170.28272996433302
2025-11-25 10:01:16.000,33.26325901578707,68.3313015374106,116.2759213849128
2025-11-25 10:01:17.000,28.56744277942453,77.94794337757409,135.1815980780874
2025-11-25 10:01:18.000,30.783611348723706,57.624237875335176,120.72952456735105
2025-11-25 10:01:19.000,31.325247409376587,63.49507120386911,151.30691185714605
2025-11-25 10:01:20.000,30.049491393178837,67.57392978190093,105.67347524683942
2025-11-25 10:01:21.000,29.552635080130003,56.88740887063276,77.39055738626044
2025-11-25 10:01:22.000,26.970185586201005,61.68037111998964,235.7264528898945
2025-11-25 10:01:23.000,28.786697049156317,60.549058330996644,134.0632718030942
2025-11-25 10:01:24.000,30.051830860176384,63.684775968125976,127.61657049816863
2025-11-25 10:01:25.000,29.868608006963317,54.46960910419693,170.0989760283907
2025-11-25 10:01:26.000,29.490222241290013,60.9332927570601,84.5362889568889
2025-11-25 10:01:27.000,31.417137552762583,58.42867597087024,105.34303968684696
2025-11-25 10:01:28.000,24.930117173246455,63.84046049645533,132.29457643255319
2025-11-25 10:01:29.000,29.37146944654965,80.09987840934214,159.59122758201272
2025-11-25 10:01:30.000,30.850711354108903,48.37138473272594,211.19081609663664
2025-11-25 10:01:31.000,28.57795442043564,54.86183677763217,156.71639903659656
2025-11-25 10:01:32.000,31.020733504196542,53.54191261137224,173.01514707265892
2025-11-25 10:01:33.000,30.420282197479313,62.086050907121184,186.11853983032296
2025-11-25 10:01:34.000,29.87212961493248,63.39854471920717,121.94562565711367
2025-11-25 10:01:35.000,29.240585029364414,63.682191813675516,147.22421508027077
2025-11-25 10:01:36.000,30.229558882607698,65.68826183295047,155.4187691392373
2025-11-25 10:01:37.000,31.266221881332,62.29696407941779,150.44288928159787
2025-11-25 10:01:38.000,30.415112948965536,54.24961023086164,162.505191190986
2025-11-25 10:01:39.000,30.02108188521042,65.22162204203161,199.13258211604483
2025-11-25 10:01:40.000,29.682829796006097,43.30182229168547,169.31379985267262
2025-11-25 10:01:41.000,27.517914643396534,54.244279094716816,171.3824146122003
2025-11-25 10:01:42.000,32.29230299181315,60.66949282675197,186.9657562667359
2025-11-25 10:01:43.000,30.53098971805268,55.559175302226265,167.98841629401417
2025-11-25 10:01:44.000,30.499931485804566,69.1166319517288,165.57351638619696
2025-11-25 10:01:45.000,30.309400481954167,78.71880743224821,211.80878655833467
2025-11-25 10:01:46.000,28.61278687283083,64.98138541164262,162.01996271730582
2025-11-25 10:01:47.000,31.694568595187878,47.582494077017614,245.24633067202137
2025-11-25 10:01:48.000,30.344084041241544,51.42247285462861,191.68056658505606
2025-11-25 10:01:49.000,30.126079565520854,61.38478552126138,149.91595568599274
2025-11-25 10:01:50.000,28.7194506336184,58.02887114884297,177.0978922687092
2025-11-25 10:01:51.000,30.003020579862813,54.521224507686235,145.7926208622417
2025-11-25 10:01:52.000,29.048783949109776,60.882440669375036,142.2680161068213
2025-11-25 10:01:53.000,33.62697310709522,49.97503962772346,108.23227260225018
2025-11-25 10:01:54.000,28.060786690916515,58.76313498131794,79.20582548210282
2025-11-25 10:01:55.000,30.74217475000404,69.43007771255887,161.05686286522877
2025-11-25 10:01:56.000,32.95854742191336,60.0140493184545,90.88859577960088
2025-11-25 10:01:57.000,33.27782436761795,59.96429800071651,190.04660314574903
2025-11-25 10:01:58.000,30.625516038693164,61.143361129421905,142.21853090104912
2025-11-25 10:01:59.000,29.03050844982796,63.31403022537232,189.37874552097668
2025-11-25 10:02:00.000,28.389420854468234,57.0576285090223,144.6018595843722
2025-11-25 10:02:01.000,32.07884953454974,66.44059976239828,135.79211939366962
2025-11-25 10:02:02.000,27.892268036063733,75.9619766850852,176.55477123690005
2025-11-25 10:02:03.000,32.614809569960244,74.5821915301566,160.6589718238369
2025-11-25 10:02:04.000,31.977915782703125,67.70531023074741,160.68096548206654
2025-11-25 10:02:05.000,29.175762074359195,51.59913353309249,92.33409260209834
2025-11-25 10:02:06.000,25.45499061225445,65.0535767096827,126.35437069555898
2025-11-25 10:02:07.000,32.77948460403892,54.628898216754955,111.27180412566395
2025-11-25 10:02:08.000,28.763744529111424,70.09207479284129,69.44205967568658
2025-11-25 10:02:09.000,28.230361422352978,64.58721492196516,142.46396948866956
2025-11-25 10:02:10.000,26.606524944115854,41.854402660690326,118.67175703932335
2025-11-25 10:02:11.000,28.87647278473115,50.344184272820954,239.3445704374834
2025-11-25 10:02:12.000,31.92922024953616,65.27599171586702,173.90727306168256
2025-11-25 10:02:13.000,28.19300562410314,56.4565032822589,180.84623765151395
2025-11-25 10:02:14.000,30.220841083315353,71.88015043864678,231.21481369931777
2025-11-25 10:02:15.000,30.678159848313822,59.704031861620216,175.58747068125325
2025-11-25 10:02:16.000,29.043800539467792,59.58285783153676,166.03358322641859
2025-11-25 10:02:17.000,34.78444988817123,53.60634746378628,211.28096419306348
2025-11-25 10:02:18.000,26.153155068399727,42.56250159199428,133.40004180433448
2025-11-25 10:02:19.000,31.32304533555846,73.82262378258,170.0582075928174
2025-11-25 10:02:20.000,26.99375832060277,70.51507148339694,66.9235350357193
2025-11-25 10:02:21.000,32.19477301896275,72.01871495228896,31.47372938792735
2025-11-25 10:02:22.000,30.436622397718377,50.61739358716844,175.7248313750763
2025-11-25 10:02:23.000,29.70409225898901,39.99841080457732,134.3572264954698
2025-11-25 10:02:24.000,28.36235999026664,70.20991074492704,140.87175460868576
2025-11-25 10:02:25.000,25.559403387710585,54.04925986003256,122.69346610265329
2025-11-25 10:02:26.000,27.481612588565408,55.907759185420886,71.97928032811512
2025-11-25 10:02:27.000,28.872889486706633,62.01418587215667,161.11260088357773
2025-11-25 10:02:28.000,29.562775407537977,59.17607155373928,162.40185847080403
2025-11-25 10:02:29.000,32.78835908675195,77.14947386334923,37.90964969147936
2025-11-25 10:02:30.000,31.878359940251997,70.79754879198511,167.57714937490107
2025-11-25 10:02:31.000,31.10534896760071,66.90741347582734,149.07071750298985
2025-11-25 10:02:32.000,32.550155798989486,72.65352469707088,192.65840548879945
2025-11-25 10:02:33.000,26.37538119401208,53.16531991800079,167.71799928969077
2025-11-25 10:02:34.000,31.485073537530212,62.2789597515209,178.94409418656377
2025-11-25 10:02:35.000,30.073420788845205,69.49169383430981,138.64655059945346
2025-11-25 10:02:36.000,32.12323139153684,44.5762667378746,189.44298509134296
2025-11-25 10:02:37.000,30.291051279906352,52.126583001673716,164.42909935578257
2025-11-25 10:02:38.000,29.949734146109435,47.63450920184235,160.93960366193073
2025-11-25 10:02:39.000,28.816562102244994,66.32042622872488,119.12200076517438
2025-11-25 10:02:40.000,28.382795261052742,68.66838937459976,175.1269304923606
2025-11-25 10:02:41.000,30.3580445406911,71.77677724829594,179.5926303517041
2025-11-25 10:02:42.000,28.883127122174415,42.97829227315262,123.7874371194762
2025-11-25 10:02:43.000,30.56241022638708,55.71224815809095,70.31775790377162
2025-11-25 10:02:44.000,30.702991384340148,67.10192187114538,109.92923628627426
2025-11-25 10:02:45.000,31.668995651084483,53.35980741028703,164.68815100539052
2025-11-25 10:02:46.000,32.984431289237094,62.8437994130515,226.47527014388567
2025-11-25 10:02:47.000,30.224711168314954,46.49586511591056,178.3874739911655
2025-11-25 10:02:48.000,30.80264645276591,85.76653311870888,149.60302568962254
2025-11-25 10:02:49.000,31.79371814574698,56.87364241538896,247.03919994304903
2025-11-25 10:02:50.000,29.200388563066213,54.82921545056719,150.28807563876012
2025-11-25 10:02:51.000,28.31942448760684,64.93812446600688,209.0828688853876
2025-11-25 10:02:52.000,29.354408576167277,77.31399008092203,140.5407512368892
2025-11-25 10:02:53.000,32.96337588098279,73.10679610344195,115.49819078011397
2025-11-25 10:02:54.000,26.7699932143262,66.3603929372069,5.0
2025-11-25 10:02:55.000,27.198384551181,49.2753704430488,149.246009835544
2025-11-25 10:02:56.000,34.74675841799451,54.13106209912045,148.58036342976578
2025-11-25 10:02:57.000,32.067577923739364,56.49840529537922,158.7865310129961
2025-11-25 10:02:58.000,30.580976090301125,61.52627407292141,214.74425632096003
2025-11-25 10:02:59.000,28.77274984491509,65.97176607590688,168.52618370860955
2025-11-25 10:03:00.000,29.66805265089396,54.093892869045746,177.26099151363744
2025-11-25 10:03:01.000,29.725464938108328,67.13929798983771,187.6017500217111
2025-11-25 10:03:02.000,29.748679938287918,51.543407959394976,109.91211082698015
2025-11-25 10:03:03.000,25.354349796104646,48.21931500291773,194.90404639907337
2025-11-25 10:03:04.000,28.047547440342345,49.26251453617181,245.42817093764666
2025-11-25 10:03:05.000,32.05277047065235,64.3089626229498,184.54318737932758
2025-11-25 10:03:06.000,30.828503963157182,48.72841927379052,177.0574589105161
2025-11-25 10:03:07.000,30.4378645210895,55.18203677262884,170.50180308703867
2025-11-25 10:03:08.000,33.440412483328856,63.720803534342956,172.70481367592657
2025-11-25 10:03:09.000,31.21070828273115,62.99264265016609,190.78607694921948
2025-11-25 10:03:10.000,27.741705930289125,74.7746149823726,138.09262636442415
2025-11-25 10:03:11.000,29.839232173960376,71.9323717706613,72.81335232753459
2025-11-25 10:03:12.000,29.146243634378415,69.6308718792555,155.12474974480182
2025-11-25 10:03:13.000,31.27252311198254,87.25862277325639,150.997037926002
2025-11-25 10:03:14.000,31.674826638617805,67.40177338974411,115.9437328150322
2025-11-25 10:03:15.000,30.43460669830974,75.6865074247295,282.31373576322767
2025-11-25 10:03:16.000,27.365795864300743,63.18499005312064,131.5799628719627
2025-11-25 10:03:17.000,29.48936892859081,56.088974516928225,170.315359600849
2025-11-25 10:03:18.000,34.20257462966868,69.14941991647719,157.81063144075682
2025-11-25 10:03:19.000,31.749903208358308,73.37601361923109,115.2703513168306
2025-11-25 10:03:20.000,30.693969690239587,56.87497231325523,124.81104228707933
2025-11-25 10:03:21.000,29.33058891031369,63.01463281438871,92.08866000641166
2025-11-25 10:03:22.000,33.30455381888855,52.54326456692283,210.6129009415315
2025-11-25 10:03:23.000,29.726614286587434,57.811796177240375,146.37598171037675
2025-11-25 10:03:24.000,26.655997417146494,59.36500035100189,128.27238065323684
2025-11-25 10:03:25.000,30.9180710897791,53.02191620955813,163.14679721674304
2025-11-25 10:03:26.000,25.995052034156267,60.199943288598035,147.70964138436756
2025-11-25 10:03:27.000,29.47537357118534,54.801159731330124,109.6396312221881
2025-11-25 10:03:28.000,32.167831711934326,65.11030064515107,139.4258378536207
2025-11-25 10:03:29.000,29.10782093852641,60.77077432091961,192.66423176988465
2025-11-25 10:03:30.000,32.99998542168952,64.40605983771258,138.95859615657264
2025-11-25 10:03:31.000,28.404418640166494,73.42590531052531,131.40849219003255
2025-11-25 10:03:32.000,30.64449796245888,63.45407392393336,131.92544279427943
2025-11-25 10:03:33.000,29.522405934537833,63.61724539459434,94.46272362353874
2025-11-25 10:03:34.000,30.215217215239846,62.29262798128104,194.37081128672858
2025-11-25 10:03:35.000,32.73564412340468,48.72885739363326,187.25639998708397
2025-11-25 10:03:36.000,27.821925323949266,53.0602666365453,181.63873177858264
2025-11-25 10:03:37.000,31.603020491890128,56.74749961319743,123.17566883125559
2025-11-25 10:03:38.000,29.979944726350748,68.45734953938704,124.43073611025824
2025-11-25 10:03:39.000,28.344712335588547,53.45570623434715,165.95032184923937
2025-11-25 10:03:40.000,26.963085847780857,52.385697397811626,157.3326225113258
2025-11-25 10:03:41.000,32.5227457939972,63.982954009080984,147.07641639101686
2025-11-25 10:03:42.000,27.86517382260402,45.27707354998827,183.326729291201
2025-11-25 10:03:43.000,30.26587160175858,54.10483822071318,193.93233015920615
2025-11-25 10:03:44.000,26.98341125103273,66.0782123765408,182.20082839438393
2025-11-25 10:03:45.000,27.73621932321292,61.291523823314854,136.84067038322752
2025-11-25 10:03:46.000,29.719664478901414,67.76052507166409,212.95181951415017
2025-11-25 10:03:47.000,30.09966238140578,60.75527016217711,141.3236323822959
2025-11-25 10:03:48.000,30.0173158997294,64.81120301714728,141.75226045483095
2025-11-25 10:03:49.000,26.831193053099575,68.13454803944265,95.98273251344625
2025-11-25 10:03:50.000,27.009617582225488,61.50780921158974,234.78524218790977
2025-11-25 10:03:51.000,30.302039180182078,61.95025481537227,186.95748135498204
2025-11-25 10:03:52.000,27.262977386394315,57.56729639411682,41.04148521955909
2025-11-25 10:03:53.000,27.624777601162037,49.7761983117772,172.62037148224005
2025-11-25 10:03:54.000,25.775403016587262,67.44840478791767,134.7664821106674
2025-11-25 10:03:55.000,27.133735167608457,61.30585646450364,150.46934877309306
2025-11-25 10:03:56.000,29.016259606029656,57.8293480241756,187.10013459551413
2025-11-25 10:03:57.000,28.04009072739162,54.03340566949544,192.35598894364958
2025-11-25 10:03:58.000,27.95218510000811,57.12747164251988,121.22517794059986
2025-11-25 10:03:59.000,32.054175481623275,56.485057851193794,107.04109158515286
2025-11-25 10:04:00.000,32.11555458651688,59.3230785639173,58.83672755085074
2025-11-25 10:04:01.000,30.823657971308016,68.54355550009454,102.8167602110687
2025-11-25 10:04:02.000,31.06768731696202,56.472686434666585,109.43607145122988
2025-11-25 10:04:03.000,31.861649511898342,54.03515947800669,103.35421412615918
2025-11-25 10:04:04.000,30.252751184820834,54.83989491356024,172.02171497258092
2025-11-25 10:04:05.000,26.665726993548205,44.12252300285395,161.5501223930352
2025-11-25 10:04:06.000,25.834807841040945,54.775874340418234,104.2921116938523
2025-11-25 10:04:07.000,32.15640558800861,59.89936606552542,164.47118881159398
2025-11-25 10:04:08.000,30.35527532068434,60.35671646031516,159.49147692479985
2025-11-25 10:04:09.000,30.309529518394573,63.98697213989023,189.48583187996758
2025-11-25 10:04:10.000,30.124714268313387,66.35001060778377,179.3604160444296
2025-11-25 10:04:11.000,28.163772318352994,59.528523492639295,187.49615758712042
2025-11-25 10:04:12.000,26.23382201702566,52.10325707946875,145.426774382825
2025-11-25 10:04:13.000,30.637195907432663,52.52690084810825,202.977764203618
2025-11-25 10:04:14.000,31.386753036405633,72.3720201656775,128.2736295116924
2025-11-25 10:04:15.000,29.068323389385224,50.55281286111742,129.4580487254294
2025-11-25 10:04:16.000,29.77375144239633,51.747549480735294,190.79410586220564
2025-11-25 10:04:17.000,29.327252207984397,56.62197455485822,215.0448967798485
2025-11-25 10:04:18.000,31.285653739152973,54.19608375312569,194.68953964088104
2025-11-25 10:04:19.000,29.98564846996337,61.04268454914596,140.9498879786564
2025-11-25 10:04:20.000,31.826269570676107,56.55284528241543,109.6478562940402
2025-11-25 10:04:21.000,27.467344138826146,46.30983982723958,37.6772140871993
2025-11-25 10:04:22.000,30.529731064947736,55.51646515973625,123.33381296655668
2025-11-25 10:04:23.000,28.670206032995363,71.75840864942955,140.9457741125151
2025-11-25 10:04:24.000,30.026360270912658,68.51999173010056,131.4556876557994
2025-11-25 10:04:25.000,32.55349863900189,55.41049837917905,135.74754066206705
2025-11-25 10:04:26.000,28.23532780462986,49.53932295837582,111.54720952456013
2025-11-25 10:04:27.000,33.10118537274394,74.59605077468339,150.17407142684425
2025-11-25 10:04:28.000,30.02480925271692,65.45339719218217,151.76213493053785
2025-11-25 10:04:29.000,29.394144460339067,64.79658678091872,208.76594044323585
2025-11-25 10:04:30.000,29.056496023995226,81.30978973924441,199.99785793390805
2025-11-25 10:04:31.000,26.785229455295486,59.787031531541245,277.96940816083895
2025-11-25 10:04:32.000,31.90125134529108,55.22649571393087,161.62208445884357
2025-11-25 10:04:33.000,30.284733926892567,60.62464969660879,158.39200207722072
2025-11-25 10:04:34.000,28.22865581758755,62.85887646341655,173.47338235986302
2025-11-25 10:04:35.000,34.094296528758754,47.418009477053516,172.74817168869637
2025-11-25 10:04:36.000,29.398095941082317,54.31414176300119,136.12806988771578
2025-11-25 10:04:37.000,31.643623936891828,71.8708681850884,148.15948567301072
2025-11-25 10:04:38.000,30.053898457276013,67.21133227451857,123.60230565933361
2025-11-25 10:04:39.000,30.684637221636024,43.31679331731476,134.08595068840773
2025-11-25 10:04:40.000,32.389656131341546,58.039869785422084,157.97627732737365
2025-11-25 10:04:41.000,31.30962173237658,48.57417783920741,176.68968967226252
2025-11-25 10:04:42.000,31.668898591534823,61.023879619619684,205.54133050857195
2025-11-25 10:04:43.000,28.717163001655578,61.76150079469365,134.697729611344
2025-11-25 10:04:44.000,27.731078150136977,51.48841577894105,149.07103165490523
2025-11-25 10:04:45.000,30.8470522159168,69.73703644090943,69.27563948286223
2025-11-25 10:04:46.000,30.880507383954296,67.25394983042588,122.4762960096241
2025-11-25 10:04:47.000,32.83012756837492,58.764585242761996,148.3686513848972
2025-11-25 10:04:48.000,32.79550348363273,71.5545797770232,158.97386953385643
2025-11-25 10:04:49.000,27.461934849880485,63.979272304090145,198.9670072146954
2025-11-25 10:04:50.000,28.544142534215077,50.899196473298176,88.9777903817535
2025-11-25 10:04:51.000,33.18155002736018,55.859826462856944,186.74228985100143
2025-11-25 10:04:52.000,32.483011200562736,45.90061927703492,116.05998098296857
2025-11-25 10:04:53.000,27.358713457160576,55.62085322037263,170.76958371256822
2025-11-25 10:04:54.000,33.11776715540914,62.71780864922288,148.7104519695078
2025-11-25 10:04:55.000,31.51959333837007,63.75280184813357,145.3085380952903
2025-11-25 10:04:56.000,30.031997548417735,65.52097493346469,64.67017636253394
2025-11-25 10:04:57.000,30.554816231241873,53.82297094399804,171.49712707447654
2025-11-25 10:04:58.000,30.813058335856706,53.20751945723457,133.97711049515294
2025-11-25 10:04:59.000,27.97112053892844,70.49441149135214,186.25284213708414
2025-11-25 10:05:00.000,28.669203399628294,56.59401611775901,212.98325428108205
2025-11-25 10:05:01.000,26.955093048198414,59.370735909283,211.33840540279948
2025-11-25 10:05:02.000,29.54576851990035,63.121861301384435,187.38098165964863
2025-11-25 10:05:03.000,30.13206658612942,47.67260644751991,136.72848536476894
2025-11-25 10:05:04.000,30.092843085745635,69.42359003548695,178.51411495767658
2025-11-25 10:05:05.000,28.82424293629002,76.2778612454316,146.557164600871
2025-11-25 10:05:06.000,27.743741804822953,67.5028120978531,209.95236921533146
2025-11-25 10:05:07.000,30.364610222757708,58.16690607939071,116.26623943542653
2025-11-25 10:05:08.000,24.98276321572353,60.6789687631715,123.62231807936963
2025-11-25 10:05:09.000,29.112507992416546,47.081336852664535,69.1012827475462
2025-11-25 10:05:10.000,28.730255134017227,57.06372733107799,156.94446586325557
2025-11-25 10:05:11.000,28.74498993928863,56.86928499504687,166.4767762288934
2025-11-25 10:05:12.000,29.46041319169052,63.896302173797096,144.4998897307585
2025-11-25 10:05:13.000,30.690771987396715,62.24204511062938,127.9454219977707
2025-11-25 10:05:14.000,29.530773552955154,53.46349223270582,90.60645352402986
2025-11-25 10:05:15.000,33.25238053180067,44.03920284592003,258.4686510000863
2025-11-25 10:05:16.000,29.2796724142571,50.237751789273716,163.5968594804472
2025-11-25 10:05:17.000,31.509247866028193,55.171623194059556,109.25359558682317
2025-11-25 10:05:18.000,28.72679085347708,65.6465636855984,226.83163259975805
2025-11-25 10:05:19.000,28.751874803703966,77.09778084885231,111.88867525767202
2025-11-25 10:05:20.000,28.910163718096697,59.56203075462982,225.60205130754855
2025-11-25 10:05:21.000,32.49404250963799,56.093069572699406,200.32381176367494
2025-11-25 10:05:22.000,28.21344854139794,54.51603154647401,99.02441429147052
2025-11-25 10:05:23.000,28.950540947853774,68.1870494450842,178.99457857647403
2025-11-25 10:05:24.000,33.864194596079685,50.015868228291176,213.91118196730557
2025-11-25 10:05:25.000,29.818331800870688,79.8450497419776,148.9544150696461
2025-11-25 10:05:26.000,29.702711614378373,78.99474889596821,230.99202521556728
2025-11-25 10:05:27.000,29.391824440125454,62.61647777978537,110.56078641818758
2025-11-25 10:05:28.000,29.29571016023951,51.703112834571364,168.7671728184229
2025-11-25 10:05:29.000,32.0179216783166,66.29058553117964,144.88809545041832
2025-11-25 10:05:30.000,32.2288270611903,71.39434734014989,135.1452561369059
2025-11-25 10:05:31.000,31.53083165271172,62.1463100486231,156.33815281421275
2025-11-25 10:05:32.000,29.650817399456127,51.17143072534342,148.59676361441205
2025-11-25 10:05:33.000,29.373189380637463,64.46466048920487,144.00783644938016
2025-11-25 10:05:34.000,29.837371391420437,61.04131712562166,178.66055681742114
2025-11-25 10:05:35.000,29.782750856998753,66.38897675581059,120.66339928128505
2025-11-25 10:05:36.000,29.852308195543962,57.19922040591389,117.16757088144557
2025-11-25 10:05:37.000,29.68065643284082,35.78352190210325,174.97414740956745
2025-11-25 10:05:38.000,33.18359016077311,54.61968334380251,110.22643805854057
2025-11-25 10:05:39.000,30.093653088260147,52.88167357867006,178.05135486349164
2025-11-25 10:05:40.000,28.431648790067975,57.06830693932331,117.76997441653353
2025-11-25 10:05:41.000,31.545111907757196,52.90456644375574,228.6870022031667
2025-11-25 10:05:42.000,32.05340721550666,48.066965429364174,229.0292665498377
2025-11-25 10:05:43.000,31.09734378876063,56.53532312611275,173.78661968059518
2025-11-25 10:05:44.000,29.28974162597089,49.43251262332778,148.1148075584251
2025-11-25 10:05:45.000,28.129044370178082,62.121781346390485,143.30339725170012
2025-11-25 10:05:46.000,30.937671008461745,64.57972730146565,186.22804168268434
2025-11-25 10:05:47.000,29.616846573335604,66.33923242548062,98.73137934310233
2025-11-25 10:05:48.000,30.783591419757315,71.7416883529699,84.90408067557046
2025-11-25 10:05:49.000,28.586025528112184,52.52623064991569,179.85103899767032
2025-11-25 10:05:50.000,28.24834061762603,65.94094277455143,163.57061114941183
2025-11-25 10:05:51.000,29.075923820385665,55.409979322121366,184.7347465186729
2025-11-25 10:05:52.000,33.70605376639147,70.15289839121053,127.66771498581119
2025-11-25 10:05:53.000,31.20290595507142,57.712564949425115,176.78060785892902
2025-11-25 10:05:54.000,30.19899698729672,57.77785808087345,196.14208600709594
2025-11-25 10:05:55.000,29.26449568838774,67.21481941155183,153.19022420414913
2025-11-25 10:05:56.000,31.728472555459764,65.66054567250048,197.5710993705598
2025-11-25 10:05:57.000,28.871628666850622,56.547866545564794,146.66676729967364
2025-11-25 10:05:58.000,28.245678803662447,55.6435570599731,148.59631999381662
2025-11-25 10:05:59.000,29.582213593639846,52.19278647321747,184.3147228232994
2025-11-25 10:06:00.000,29.64146196859536,53.55638981592507,213.09969575578583
2025-11-25 10:06:01.000,30.44580910993283,61.73508060023649,180.18771207177164
2025-11-25 10:06:02.000,34.429681576774506,61.45425244131169,169.40939573205284
2025-11-25 10:06:03.000,31.734561112518023,73.62305604285066,122.5289139375191
2025-11-25 10:06:04.000,27.67874738504048,77.47828552433847,149.70426793517808
2025-11-25 10:06:05.000,31.50123473098453,71.98638057910011,96.47626266595684
2025-11-25 10:06:06.000,31.44242832593584,47.24890729611326,198.39280657218995
2025-11-25 10:06:07.000,31.519781152840523,67.09459132728772,187.91014989856004
2025-11-25 10:06:08.000,28.099595919886095,59.093578870809836,167.57912321161
2025-11-25 10:06:09.000,28.606113892937906,58.02964770680699,94.77429452008816
2025-11-25 10:06:10.000,33.609695900635835,56.23181831115367,147.12104199315678
2025-11-25 10:06:11.000,30.02224821556798,65.8265245199165,127.5000796851499
2025-11-25 10:06:12.000,30.132715401037693,63.322898998365375,245.66491249557973
2025-11-25 10:06:13.000,33.9366645731913,57.55300162777642,154.0163135438812
2025-11-25 10:06:14.000,30.089156115625656,56.00684144282412,141.06046313476682
2025-11-25 10:06:15.000,28.430789928541238,58.38532401696791,119.43413789866153
2025-11-25 10:06:16.000,26.856656175659655,61.2406760575225,131.48673793606767
2025-11-25 10:06:17.000,30.325455496543785,64.78113252056313,133.89613404793099
2025-11-25 10:06:18.000,27.287616920997028,63.42049221176112,84.95923511147056
2025-11-25 10:06:19.000,26.421590688259236,40.88591254175306,145.62922276700718
2025-11-25 10:06:20.000,31.675767186376806,79.42229807600174,114.15929789319306
2025-11-25 10:06:21.000,33.74685996836817,64.53910517012218,151.1616432750937
2025-11-25 10:06:22.000,30.15525295301545,57.299484078615386,168.33996971633877
2025-11-25 10:06:23.000,26.80924133812475,68.75647396950257,148.6329234942651
2025-11-25 10:06:24.000,30.118051724505428,53.617570682784745,117.13320086302585
2025-11-25 10:06:25.000,27.62316312735328,46.999963854256784,48.38864164356946
2025-11-25 10:06:26.000,29.128779516918097,50.746896920193926,119.68628503424426
2025-11-25 10:06:27.000,29.215371536754738,64.88598868805674,123.25358959165659
2025-11-25 10:06:28.000,29.580617913706906,66.10125487423481,161.76248224273073
2025-11-25 10:06:29.000,30.55930857927159,55.698875172655015,251.66039071754625
2025-11-25 10:06:30.000,28.5789490128748,59.30273497309752,195.99249899857338
2025-11-25 10:06:31.000,29.062129572067864,56.51371254076484,126.61254319446122
2025-11-25 10:06:32.000,27.914352414091898,53.195384500544456,137.28358392290298
2025-11-25 10:06:33.000,29.83627701382476,53.460282008655454,197.53893872082327
2025-11-25 10:06:34.000,31.095308553506257,57.16471749712256,134.62041997018287
2025-11-25 10:06:35.000,27.958906128519377,52.23116656069956,195.00972002660717
2025-11-25 10:06:36.000,27.943873369286997,77.66730956923861,153.69881332629635
2025-11-25 10:06:37.000,28.637018619538683,70.88722753528982,142.64061394200948
2025-11-25 10:06:38.000,28.019850899980717,58.82778664334342,106.04165038422165
2025-11-25 10:06:39.000,27.520454451693276,51.88384332257314,146.13626632374843
2025-11-25 10:06:40.000,29.357184284788516,67.55535350787831,228.6392958076427
2025-11-25 10:06:41.000,31.403191563201307,65.98499612921901,160.35405153369229
2025-11-25 10:06:42.000,31.075595806023014,53.16287251778205,115.8814940114587
2025-11-25 10:06:43.000,29.87508133371001,64.8703517876353,172.9017676056942
2025-11-25 10:06:44.000,31.186307664143925,68.15298078223019,165.13141804550276
2025-11-25 10:06:45.000,30.658758361538844,60.56386397905073,166.3830712435651
2025-11-25 10:06:46.000,30.39073887978031,59.77960050943923,175.9739361145557
2025-11-25 10:06:47.000,32.07009591778295,49.829139838227064,206.22518008398106
2025-11-25 10:06:48.000,27.14216902321947,59.75315865694658,110.75372066505504
2025-11-25 10:06:49.000,31.192499863906058,56.17237068399241,180.60439537968162
2025-11-25 10:06:50.000,31.754472320672182,54.97752906166468,148.38293093238792
2025-11-25 10:06:51.000,28.432002055315433,51.98448242338007,80.95521762101599
2025-11-25 10:06:52.000,32.53187933083995,55.94586745083882,161.98571769171582
2025-11-25 10:06:53.000,33.43997632571998,70.44743610568302,154.92571318201956
2025-11-25 10:06:54.000,30.87377336025648,62.5105178200058,170.34036055366806
2025-11-25 10:06:55.000,30.041195938269695,47.764880836435864,168.9906840665533
2025-11-25 10:06:56.000,31.446060627514083,69.50626215407239,202.10858822524642
2025-11-25 10:06:57.000,30.13596958245631,61.405476738153574,102.93649383188786
2025-11-25 10:06:58.000,26.42449887416004,69.5945096865562,233.64701981316858
2025-11-25 10:06:59.000,31.35604744454155,57.86237359654451,187.36355159212272
2025-11-25 10:07:00.000,31.95609049288894,45.73023517564546,118.63780865808863
2025-11-25 10:07:01.000,30.529567450165594,61.809371000697936,86.40358240447479
2025-11-25 10:07:02.000,34.384021546590986,62.06784085136238,119.63504519758524
2025-11-25 10:07:03.000,31.094817734423057,60.83531927157788,191.88818647165124
2025-11-25 10:07:04.000,30.40496842032336,78.77876638689423,132.8343469708459
2025-11-25 10:07:05.000,30.878714395881836,62.74704342923149,156.16182001846437
2025-11-25 10:07:06.000,28.743537534748803,68.3746928544603,192.435930912539
2025-11-25 10:07:07.000,28.79311939833416,72.16372386303009,96.84151944690385
2025-11-25 10:07:08.000,32.589091724539294,58.44551388215087,81.96524714272779
2025-11-25 10:07:09.000,31.003185140358465,61.10259577264562,115.25303178230179
2025-11-25 10:07:10.000,28.602197442223638,53.722490003396395,187.2010033088298
2025-11-25 10:07:11.000,30.975595610929574,72.63649470964192,124.86322247665416
2025-11-25 10:07:12.000,31.04958918026673,68.29346740408005,71.2960385115196
2025-11-25 10:07:13.000,30.670782605090114,48.638637259211286,132.1235891656388
2025-11-25 10:07:14.000,29.49614926892558,63.918868422971386,167.22887878936118
2025-11-25 10:07:15.000,31.233905975777716,61.778827403312526,203.2153843706702
2025-11-25 10:07:16.000,28.647130543700392,66.55007683068541,171.62610625666008
2025-11-25 10:07:17.000,31.576600223469228,64.39537284518157,121.94101473832748
2025-11-25 10:07:18.000,30.4367533828927,68.67270990281375,180.7498833020327
2025-11-25 10:07:19.000,31.37419634360019,57.123221193792126,172.17763533099642
2025-11-25 10:07:20.000,29.185282659966195,56.328384196967015,143.40479214042574
2025-11-25 10:07:21.000,31.611672282401035,57.275828060854536,139.24206870855303
2025-11-25 10:07:22.000,29.36787976720141,54.44129485942387,164.397545883745
2025-11-25 10:07:23.000,28.926576340071094,63.194161444083726,176.23622195011365
2025-11-25 10:07:24.000,29.404514290046194,61.4196866526979,177.8093116621561
2025-11-25 10:07:25.000,30.890584708747355,48.08454562087744,171.14359628877526
2025-11-25 10:07:26.000,31.594327921555944,59.59792184107298,113.15308710098616
2025-11-25 10:07:27.000,33.91967032648802,58.61094288543531,184.66404270329988
2025-11-25 10:07:28.000,30.636409041112458,65.63365208574983,65.6531489041426
2025-11-25 10:07:29.000,28.744981662297118,76.60193159353133,131.19018362357986
2025-11-25 10:07:30.000,31.06977825438039,61.43633169610081,148.49692572095694
2025-11-25 10:07:31.000,32.95372473620226,47.39829808581079,184.4501986883505
2025-11-25 10:07:32.000,30.347889544093945,62.375236159602245,112.4515413878782
2025-11-25 10:07:33.000,27.255031450431535,63.96852498178777,127.24581918140579
2025-11-25 10:07:34.000,31.10088692203335,49.32907713759552,205.0178607301558
2025-11-25 10:07:35.000,29.89423299200488,57.39948039657192,113.60682403466922
2025-11-25 10:07:36.000,24.071417550146517,70.31187566778505,158.4004655671731
2025-11-25 10:07:37.000,28.7349941866251,71.6949583233789,153.45880135616798
2025-11-25 10:07:38.000,33.64259753627846,49.25179888268016,148.1781235880058
2025-11-25 10:07:39.000,30.15141928832749,45.34241840616346,194.57722403857574
2025-11-25 10:07:40.000,30.09915983880448,53.01301163214927,137.16393180920858
2025-11-25 10:07:41.000,29.17613005482818,68.84085165484476,172.81975166123442
2025-11-25 10:07:42.000,30.125489083599263,68.70791466460257,179.14508797328298
2025-11-25 10:07:43.000,28.965680246753436,53.81489216335929,146.87525503164804
2025-11-25 10:07:44.000,28.29313184356939,51.02129278505282,117.7119361920671
2025-11-25 10:07:45.000,30.52735219320428,63.3870831332129,95.72630546069999
2025-11-25 10:07:46.000,29.176814535551763,46.06728461168362,138.95256643702967
2025-11-25 10:07:47.000,30.310803976074542,58.93958001015277,148.1577026776152
2025-11-25 10:07:48.000,28.176617471050893,59.38713625123519,90.6160453741858
2025-11-25 10:07:49.000,32.16584582169675,63.18642002119747,161.8333384049485
2025-11-25 10:07:50.000,28.276917248901658,58.164435083077954,191.5039066445297
2025-11-25 10:07:51.000,28.09363346654674,49.32744849198193,150.66066073191112
2025-11-25 10:07:52.000,28.34750504113796,70.84487677844207,197.01700701450812
2025-11-25 10:07:53.000,30.001347880076665,73.05047842589423,174.0286941934389
2025-11-25 10:07:54.000,28.414817569726843,73.45373500727969,141.7890165715913
2025-11-25 10:07:55.000,33.347957881224595,57.94327436387415,165.72957964912882
2025-11-25 10:07:56.000,28.781224004953284,67.37851524364392,161.94762013210115
2025-11-25 10:07:57.000,30.92340368036236,57.36708058122437,139.99330772331226
2025-11-25 10:07:58.000,32.079133147563304,57.92465562271958,146.19561214887761
2025-11-25 10:07:59.000,30.492607491354264,59.94061078497002,133.9242021185622
2025-11-25 10:08:00.000,29.44452327420534,67.77615349449768,203.3548598537543
2025-11-25 10:08:01.000,32.602895400472605,69.3326161001021,136.62712723327115
2025-11-25 10:08:02.000,29.06183299828076,65.17199228862623,106.8553548190897
2025-11-25 10:08:03.000,32.10768188404113,46.06957549213519,137.508068576443
2025-11-25 10:08:04.000,28.77189422244064,47.150574410229225,164.17877875270779
2025-11-25 10:08:05.000,27.11683483376616,70.5671236220245,86.1854404705833
2025-11-25 10:08:06.000,30.583678434994702,65.0532562385072,112.45486195298895
2025-11-25 10:08:07.000,28.380661486792786,70.00384061002853,126.70855906266293
2025-11-25 10:08:08.000,27.36132507640791,60.908048013977876,172.24957314563292
2025-11-25 10:08:09.000,26.467596688992394,63.7995088154661,229.82351336849462
2025-11-25 10:08:10.000,29.881573972754094,75.0344190688063,240.387159959685
2025-11-25 10:08:11.000,29.764677090245787,71.1833137473038,145.87381957279683
2025-11-25 10:08:12.000,32.44146177652523,54.18495053413848,227.831364241737
2025-11-25 10:08:13.000,32.97054125342401,61.940208805354835,229.04834865915032
2025-11-25 10:08:14.000,27.742793716987286,63.87399535060156,139.22740010798873
2025-11-25 10:08:15.000,31.12775040632486,53.65881758526169,198.3274960418198
2025-11-25 10:08:16.000,29.108128856885205,66.85477871980476,155.98859255888868
2025-11-25 10:08:17.000,29.251012192334148,66.61727251694577,180.05998193533188
2025-11-25 10:08:18.000,31.852554419722118,52.07039344288364,193.4215230781434
2025-11-25 10:08:19.000,30.25840116066473,60.31753065748151,153.68352539839955
2025-11-25 10:08:20.000,28.362818360143546,54.50148201254052,168.5943039748793
2025-11-25 10:08:21.000,30.748805343342962,68.63223403184188,171.512808749221
2025-11-25 10:08:22.000,31.21387686032747,63.76789493338057,109.88603944960697
2025-11-25 10:08:23.000,30.910325185293228,56.56638146119263,57.940906745603456
2025-11-25 10:08:24.000,29.988618311737802,60.387425331592866,130.4597750740052
2025-11-25 10:08:25.000,29.433637225410536,60.79514913558874,138.38154359030827
2025-11-25 10:08:26.000,30.963802164584337,62.65177464521024,194.73605588483684
2025-11-25 10:08:27.000,30.83601135139494,59.483198303036396,127.8871465296292
2025-11-25 10:08:28.000,31.872141751529547,54.92337194690921,151.16041166751296
2025-11-25 10:08:29.000,28.44399370262084,46.27023869943722,120.94520316901595
2025-11-25 10:08:30.000,29.940929038947097,63.35891047000169,110.03323509194706
2025-11-25 10:08:31.000,28.76541141272278,62.27207208395389,178.87479026499864
2025-11-25 10:08:32.000,28.550883229557336,63.56455254631182,189.8558740344144
2025-11-25 10:08:33.000,31.818273202760874,72.48842091953857,168.48606353254993
2025-11-25 10:08:34.000,32.608980223401296,39.89068439179292,173.6274623038751
2025-11-25 10:08:35.000,32.5901246259061,47.40787942621455,170.07388864867107
2025-11-25 10:08:36.000,29.621542040273038,58.27415239178064,89.03822685786689
2025-11-25 10:08:37.000,29.933111057993962,74.5426816957673,119.40089781038134
2025-11-25 10:08:38.000,32.127756786038056,55.40139691798525,175.06851789224154
2025-11-25 10:08:39.000,29.62990175499216,54.525034056886454,118.99354804290415
2025-11-25 10:08:40.000,27.419942985835608,60.02921027709878,222.0624205144183
2025-11-25 10:08:41.000,27.482065872414335,65.82690266454442,96.44445865754437
2025-11-25 10:08:42.000,27.61391311104868,49.126588454107065,165.77585756284043
2025-11-25 10:08:43.000,32.119701983564845,52.33740882625348,179.71876364982822
2025-11-25 10:08:44.000,30.671331836963212,61.642775157616946,122.84439442129268
2025-11-25 10:08:45.000,29.119119744955885,58.635760963817056,221.14755852011297
2025-11-25 10:08:46.000,31.780828245968458,58.82351694122554,124.8774294769512
2025-11-25 10:08:47.000,29.56116817778966,59.495977978624325,135.67550407931677
2025-11-25 10:08:48.000,27.17783959660161,58.927873265541,220.74886472118138
2025-11-25 10:08:49.000,29.95375775408897,65.00502312958625,107.11869768432402
2025-11-25 10:08:50.000,32.15494270607366,47.60631020466301,223.81652585570663
2025-11-25 10:08:51.000,29.211690370434436,71.36657237724522,134.14975707201012
2025-11-25 10:08:52.000,28.983132413833307,45.72359055279763,150.65895291596698
2025-11-25 10:08:53.000,32.366004467447766,65.88218730852273,153.08442667027313
2025-11-25 10:08:54.000,28.96029278573559,63.56893774800723,110.43021322313274
2025-11-25 10:08:55.000,27.14604549012352,74.75028257040847,100.10331320414124
2025-11-25 10:08:56.000,30.90136296070159,53.470402732917876,146.05563651659784
2025-11-25 10:08:57.000,33.65145285659898,55.61737971223303,145.87523655193334
2025-11-25 10:08:58.000,33.21599474607357,62.1349670041111,201.21218216082093
2025-11-25 10:08:59.000,30.70777218313214,61.84557681797637,187.243867733123
2025-11-25 10:09:00.000,36.026431427671085,56.95088814476613,114.12076197513414
2025-11-25 10:09:01.000,28.156181843718496,62.67451226228346,165.90261056125638
2025-11-25 10:09:02.000,29.893292882335064,63.874645287989246,137.5495825785366
2025-11-25 10:09:03.000,32.6755678137616,56.204649987452065,151.7345088662238
2025-11-25 10:09:04.000,31.872758437456802,66.48430463728832,128.25827731155306
2025-11-25 10:09:05.000,29.07068633976957,65.57455344803958,191.9364698042951
2025-11-25 10:09:06.000,31.02181141034199,67.22844231901912,85.13553668506131
2025-11-25 10:09:07.000,32.006180264739285,75.4438873277285,73.30589103516792
2025-11-25 10:09:08.000,29.212230166174248,49.81266607488196,217.5040243574932
2025-11-25 10:09:09.000,27.363261809941502,43.37758383388142,78.02607489840968
2025-11-25 10:09:10.000,31.185667307706343,65.3425986919376,74.04034527993753
2025-11-25 10:09:11.000,29.03750040926329,55.69418000352953,94.25621850374132
2025-11-25 10:09:12.000,28.772756886033555,63.58415816740372,165.77746263775595
2025-11-25 10:09:13.000,30.25164403120386,49.15027705897544,228.9316009864259
2025-11-25 10:09:14.000,27.480621738552323,68.30448522558272,124.84317824495179
2025-11-25 10:09:15.000,28.683539359960786,51.94398131054267,142.87126578617242
2025-11-25 10:09:16.000,30.983033245704373,54.33988772087916,114.97768032000779
2025-11-25 10:09:17.000,31.63038799828219,69.47682819411203,109.90273290920089
2025-11-25 10:09:18.000,28.430897496655138,49.68267815510285,146.5445662222947
2025-11-25 10:09:19.000,30.253118089017093,44.786252065462286,155.95003163015414
2025-11-25 10:09:20.000,31.274989428472797,75.99327235771557,144.34069157040787
2025-11-25 10:09:21.000,25.99404779144289,51.98708809865207,127.41700501652409
2025-11-25 10:09:22.000,29.021314861578926,52.96203640258748,162.83381772050615
2025-11-25 10:09:23.000,31.38682172521511,53.688711748224456,162.37491757775211
2025-11-25 10:09:24.000,29.267562173663656,63.070497125189505,200.85358705321272
2025-11-25 10:09:25.000,30.186792002466692,57.70497582880341,181.55310725031774
2025-11-25 10:09:26.000,29.07714048357757,59.80056840589585,149.2774280709881
2025-11-25 10:09:27.000,29.40429232655373,64.26068189349378,108.4679282951457
2025-11-25 10:09:28.000,27.89539993711223,66.82602426274283,198.1919521760697
2025-11-25 10:09:29.000,30.515875622183344,61.989348123939145,92.82646982699916
2025-11-25 10:09:30.000,29.742358916928048,59.607242671172024,171.14356527519493
2025-11-25 10:09:31.000,30.27927951919707,59.83666047923435,122.26479928926776
2025-11-25 10:09:32.000,30.690268252814416,66.97512989583812,148.90899045360115
2025-11-25 10:09:33.000,29.80727598616935,54.55691906783814,146.43679538992345
2025-11-25 10:09:34.000,30.882605999372696,38.01001101633378,148.2381586856396
2025-11-25 10:09:35.000,31.43193195110118,58.19377288602272,109.91926008480688
2025-11-25 10:09:36.000,30.45219537077003,47.51044102065984,178.72982025882243
2025-11-25 10:09:37.000,27.79118170240497,53.450644976606284,174.40868642612062
2025-11-25 10:09:38.000,31.335274317761883,66.0457958221808,106.4488737531996
2025-11-25 10:09:39.000,28.593433050102675,49.14312402233789,126.06842675454703
2025-11-25 10:09:40.000,28.92387816955586,61.51390897119907,106.74294158087505
2025-11-25 10:09:41.000,28.722796686491286,60.593842039186654,87.42743368169916
2025-11-25 10:09:42.000,26.137239345932755,75.83043587606073,134.35026512209777
2025-11-25 10:09:43.000,33.116153888777355,69.96838990187,236.9312921045195
2025-11-25 10:09:44.000,28.84564447197821,58.16782860024885,160.21574219925387
2025-11-25 10:09:45.000,30.9529945042046,48.29446288535297,180.3742993238212
2025-11-25 10:09:46.000,28.959894313883964,74.15415848894763,152.79592400996893
2025-11-25 10:09:47.000,31.929624598399723,78.60625850114296,135.28118103425612
2025-11-25 10:09:48.000,30.380117846819157,67.29073374436608,147.42362059808656
2025-11-25 10:09:49.000,30.403995689565086,63.34738105556015,181.39625502063868
2025-11-25 10:09:50.000,30.929780754179514,56.526037661660126,218.36176901710874
2025-11-25 10:09:51.000,28.121253764017897,64.03269356077708,220.5474066005805
2025-11-25 10:09:52.000,31.84156131195253,67.41611722175571,124.32279740259774
2025-11-25 10:09:53.000,29.873717478870677,62.826232049979325,127.16948512375973
2025-11-25 10:09:54.000,29.605318262277702,62.473378817281485,98.04216736891107
2025-11-25 10:09:55.000,31.14551710278197,47.53689383832763,120.99206041292719
2025-11-25 10:09:56.000,30.964280858174362,59.83238371106392,141.24826839844604
2025-11-25 10:09:57.000,30.377066049431424,69.89144213267967,140.099491803883
2025-11-25 10:09:58.000,28.07232902785267,62.62453639433113,161.480760881663
2025-11-25 10:09:59.000,30.313119334039325,58.146462026079796,142.23083301803385
